ts,user,x_coordinate,y_coordinate,color
1491155411000,rpdDPohZB14xbqvBbcDdmsvG0RU=,520,76,0
1491186377000,1Gzn9MIivoO63DcTzpaSwH+5Ovg=,202,870,0
1491009648000,DAMl6k286bHhPYiar+LIFMbOVnI=,857,835,0
1491173570000,EzWn33cHrbGCL5B5fcf9Ai1+VNQ=,525,210,0
1491137046000,1CpdskCmMXcAuD+BEH0SbPsOJMI=,443,473,0
1491159080000,htrqhE1enOlBWww3l18AvG+OVZE=,720,96,0
1491159316000,oOB8ICOr1FHEFs/P2WJwF2JDwM0=,963,789,0
1491164520000,Vsp6n/fajsMmLbmACTHtGTp7X+M=,819,948,0
1491055105000,47RwBovMM8IFkyMN23Qqujuhsog=,801,16,0
1491166618000,KC8QlZSC7i4MlEiW2YSF2hQiwv8=,554,400,0
1491180809000,DdY9ZWmrkXXWV4h14vkZGzd+15k=,450,941,0
1491195824000,MbapTutEuoPwkz1dzN6+qy89P3Q=,208,677,0
1491098840000,6QFPnBiXYUqVguHX5B0xIXXcfQg=,95,934,0
1491220191000,q71lrnWkDIAwLOASjx7zSJ4b7oM=,471,546,0
1491084797000,hDTpFWK/zbCZGJvmsvwKre2B7us=,88,516,0
1491007849000,PTSvGLuf5WSsaAr1bY/2aYOSjKM=,861,118,0
1491100635000,+RCizntPElBsL4tzAsXgGP9+gAY=,28,768,0
1491111805000,5RM6j0avRwe+UAY9dqVZiLic4zw=,10,25,0
1491202942000,lfr1EfYqAmeqZWfRdkd8j0SxmV8=,237,687,0
1491181237000,ficY3Zsn/btNgSaFgkM4kwCkOFA=,675,260,0
1491230558000,i7ark4u22Z/FV4Z5j1057tnI+eY=,75,889,0
1491176180000,TFhHzkfEt2SsdDIcjzMLQQDxVF4=,300,581,0
1491073368000,17ei5CEZRAeXp2Y0QTBJrpAsKeM=,108,547,0
1491054151000,Cu/5L+86zcadIekpgJasH+qLxOA=,864,402,0
1491229144000,KkkcwEN9zHybukK50+rohh6xvNY=,142,312,0
1491098366000,KpN4BJ9MOYOEk1lB2TkDky/vagw=,723,153,0
1491224998000,qFn0UxLp/o5Rj6WRV5J2FJHQ+7g=,446,513,0
1491182348000,kJJU0XJA+IMDzHZsU2rcWlR+VAI=,543,524,0
1491153028000,WenPCoSjdxkh2I2eIUZHT1Z4QUg=,676,828,0
1491093192000,Qtf6mQOMxRFrzOy7e9PLfhw4rG4=,319,993,0
1491167765000,Qiy+cFTJr9ke/eyXSkxv59xrPis=,231,332,0
1491152741000,MVS/vhkGSusioHVBNFiEUGMqRxI=,384,898,0
1491106281000,OY8KAGPPd2gaRXDuZYFlpGjgkLA=,838,742,0
1491199579000,pHqp16Sz/NJft4kkZQqq9H7KOFk=,3,351,0
1491188170000,kkvM7nIQZcqUj1/Ck6Wl/MYtII0=,197,558,0
1491145898000,sSd6XHFFpcMO25xsJ2/iC6//100=,373,413,0
1491160872000,q+Otj20YqjDLUQiXeFONJqjKAXk=,582,52,0
1491172629000,RgIZF2/BBP7O8mk+syNSYePfs5U=,92,766,0
1491186768000,u9Yky3Yn0cQHTbJCanu+F3tk04M=,176,728,0
1491048115000,MOUpyV+R+B4/B23l1QBH6f0s8VA=,108,227,0
1491164001000,gzqyiWw4XvqPb1+dnaE0bGoTJoA=,609,297,0
1491205070000,I7lpFPnbnGUpvADWs4CyNBGbNAg=,895,914,0
1491171323000,3tlKf7M9IdJaXWdhkpNNVKmhCIE=,59,731,0
1491090013000,jwfJwCCKU02vfn1e5uzvP6GwU1c=,80,906,0
1491098725000,V/tjhb3vFfcStU4gz/kZfEgwKZw=,472,909,0
1491220901000,PU99Ug74ww2Mxb6Xx6/R57fllGA=,574,307,0
1491179900000,Uu6zr9bFVsMN2v306pXIgvCcCbE=,592,135,0
1491215104000,HfWB9zlRyOmBheTuM152KYxLrGo=,639,796,0
1491169949000,uFrxAm16tlI0uf1BpfHY5/IrmVQ=,82,290,0
1491073591000,xBGMGageChm+LZc86UgVb8DDk7g=,781,487,0
1491218566000,+XOokj2S9w6nftqT4WH3u3q5hbc=,598,547,0
1491193332000,4ydhdnUNzo1C6S2lHrPux8lAZls=,886,20,0
1491200330000,9MyTu+HJH+uX19zWAi/iLwKJiWk=,288,366,0
1491026099000,5HMoTJ5gi+nIWQfeoulAOsKmfUE=,772,452,0
1491162315000,zCPDfi+uckUD9NFsfTxcyXu5rkA=,877,143,0
1491155139000,ywb8xrFwua6JwJRdgNNpcLJ4dXU=,508,51,0
1491032108000,nZrMoqRZxu4EX8WPS6XNqRMKrW4=,188,444,0
1491107588000,+p2n3705XGfmJMBsBlXOnCGQCBU=,36,89,0
1491082448000,DFUX4LcKHuraBv4d0am8In77pso=,857,446,0
1491118564000,JQuZv+CZFeGVAyNbfCpPZO4pmps=,60,23,0
1491130467000,9OHXEsBcGAF0yFc27vABXke25aI=,454,12,0
1491115457000,Cr/nTqFrhFbxrF1WEPb/nwoQcnA=,349,272,0
1491171229000,ANvq+D1MnVUevQmcFzj+d1NIsO8=,894,52,0
1491156984000,a+B3TztDEYQgDTllrXYtBKSEzpI=,508,503,0
1491228232000,Y/8RLuprOKXv/1Br3Rf5zQWgIlI=,101,472,0
1491203180000,WACdOseOWfRhyMC+X6vJ/pDQQRw=,205,41,0
1491105295000,btRn9NfcYWPqD2SgO/ZRYmmNtK8=,877,61,0
1491072026000,PXzTQG4M9sx1vP4NKNAahrxg6xA=,67,597,0
1491144927000,tqqt2uwalUGdxM+eju8ZVHSolUM=,443,24,0
1491208446000,OUqjzdzG+RPEo+6Bnjm74HreY/Q=,792,541,0
1491148346000,ByE1gC42hyr6x9qhCliajj0E5G8=,880,742,0
1491131639000,6aNbNolmwbhixNEo8scCgoM2IIk=,590,28,0
1491214271000,/3xJ7JJ9MxEYTXTpbeMCv4RM3+8=,61,834,0
1491162783000,rYAjXihd+JZzpT4IaeGZLZGCzko=,753,454,0
1491116218000,JN5SS9Yxc6QOasM68AYggp0sBRA=,746,994,0
1491145668000,iaRyP7ttmpIRzPvM9P4bTW0aAbU=,910,615,0
1491128253000,X5bw6POVdjd7+0fzCLgi6y6PRr4=,118,74,0
1491001143000,f4PSq0brCXTgr+IfkZrAlKHP9Iw=,848,26,0
1491168686000,hYZFgGE2QfnKCneSbh89JIhXvSM=,11,156,0
1491096168000,fUvePdBdxIiIpgAxafW39rMIvvM=,438,991,0
1491058616000,o/KaF9UH3EhWzm1BNgL9uXukNhE=,409,841,0
1491159769000,WeS5/zDSKhwwylR8x1H4d9di120=,507,478,0
1491090708000,6z3oNwhAO5cWru03s+lTqgnqimg=,57,282,0
1491004998000,DV2oSCg3GD9uqRALh2q20xK7fcI=,957,466,0
1491148115000,sYlHjNnonY/qNtSYXIQux5v/eK4=,511,478,0
1491119198000,eN0yBxWRVS61CrqZncDLHF0rhJQ=,172,24,0
1491141428000,D4KQRDsjwNT5FPTdRJh9XKbl5iw=,108,767,0
1491048201000,JApCgj3G7AkFiYXKnzAdHtLxYL4=,36,474,0
1491232880000,6lKNXBUpKgdOcGVdgYzZCKuE/8Q=,715,253,0
1491108071000,xHILCCcGsYZHvC/fK7ipDN/OXe8=,467,462,0
1491172844000,dGgaLlwTZjGrZDxgT/0dr5dWbZU=,79,445,0
1491180972000,S4ug2M7Q2In9dZ/bRrdAj0MRi+0=,340,872,0
1491085937000,IhkuykLP8lXzSbt+xSTBmm7MNzk=,962,292,0
1490991435000,u9isDfEEVbRQqwEuU55r2Z9sGgY=,759,538,0
1491150359000,cn59menisbMqxrfAErc1iJf7BdY=,36,77,0
1491161175000,D479VfKBNXfd2RWnDoK8v8bG7ks=,782,487,0
1491235372000,L6/yN3ydRhobRjKU7Y+wKpLUkEA=,735,709,0
1491013432000,H0AFdnJhFZHJMqzg7eGHxeL1Zhs=,262,582,0
1491076047000,+3UrlkzpVLv//dxcKheWJiSA9Iw=,186,816,0
1491190440000,u5+7XCD/ouLO8fPRtI/aJekWNJs=,526,512,0
1491179890000,aSsBFdzUsl+W8sLgOud+3L6SQbA=,958,787,0
1491186084000,ymwgZjjT72ev1NEeAx6ruImp3Mo=,113,9,0
1491165489000,K32Adur+GEo1nkUu7KiRjK7qMeQ=,977,455,0
1491206560000,dF/NdtszES2LlpbuglQyWNmAZRo=,506,945,0
1491098500000,0GV2T7z+ZK90r5oJzalWcIHoGcI=,249,748,0
1491087507000,9XhmRh1me+VrzVITn8Ayc0Ee5aI=,116,708,0
1491215911000,YaMnqdqunCCdVaD4dpKp3Rrd2ts=,815,41,0
1491090950000,nG6fJQ3WHrtwVLKAuZpaj9LoKk4=,589,772,0
1491172363000,35+USslIrneOgERf2vDB+V9vH2o=,643,262,0
1491089829000,dYqjFLjoFIS9QnsGLhocmSb0Fj4=,804,856,0
1491113741000,xlHM7hFhoDHuH53/eveKLhGPSh8=,364,251,0
1491014544000,TjHlWP/mAF+5J6H2X+X7oimx2g4=,193,579,0
1491224188000,BJbcnxJC8yNBw/i7q2LtCgPy8tc=,477,772,0
1491176654000,lpZ5jcQcRKy4taEFQonGrig/dkc=,972,285,0
1491141974000,TMkx7AbpzGP1a+42R6AdYnIJtU4=,747,835,0
1491224450000,20HqIN4Izp457FrpQrPJfDN3CGk=,546,980,0
1491231500000,UzB6CtR+8+MyWfBWF9qdcWQxgbE=,468,940,0
1491084891000,l9MCXgDAp7bC78JF1HLwyiekcC4=,474,20,0
1491107785000,QI+KTqZA+ZW/TZPx1C8IH7mD9Ps=,615,804,0
1491175546000,eZCpx7CmIGzxHg7biN0L3oQCUS8=,327,259,0
1491224682000,HS8Xd59MRZ/coEXFFuoZ1t/MEw0=,25,193,0
1491214921000,KfA2O2pgJRaYOMYnzqH1pc0CKgg=,491,465,0
1491100379000,dDbvozIce+wNl4SLlllb5uhmipo=,716,673,0
1491091964000,jTiP9RZbImmf16OgFlfMQ6bGOr8=,895,763,0
1491142509000,tfV5H0T2Z0Ng4FmBbRkvxXiDXrg=,670,863,0
1491122711000,rpQZHeuYKBKPVIen9AJLKntYAJA=,334,997,0
1491195236000,YKKSf2H9wTpFiU0EiGygbcINh8c=,221,257,0
1491221727000,7B1pdnnf7ATxX3CIhbDC0vrsqzI=,466,591,0
1491011140000,nh1LFeCPAXY/CcFGWrShVFrq80Y=,565,366,0
1491218498000,F4lFWRpBn2r9h0xqSAxq9S5WvM4=,537,987,0
1491144920000,+P6rHejW+81o1f+d7+DOqq8S/9I=,518,499,0
1491157206000,aXo6W3BzZEUpUjREdhF1j4djwnE=,3,857,0
1491160138000,8nTzOnPyDMtNpU9wdYNW9MlImBw=,873,361,0
1491163320000,ggqhW0WqZzMn22Bj+qvLxn2hDCY=,114,87,0
1491149119000,+H6T5KSx3FQyN2TYgm0YhRWrTcM=,958,980,0
1491237728000,OLGakcYRv9Z5VoekOEJWA1BefSw=,946,121,0
1491062328000,i05IoGpHoVtti3wnp5AR7U6+jRE=,752,814,0
1491159296000,yPM23//sTTswWw/1OCW0BS4XOgU=,895,955,0
1491085978000,2GS0N6/WeiKCTGEvIEUfY2++8P4=,774,491,0
1491158064000,f6F+YrYaYfrwoxuDrJxpjzEk6rs=,128,131,0
1491159162000,L+FrYBsaF2nB/wJankLKcXa1BGQ=,488,527,0
1491099588000,HsdJ8BMOd0zbXAd8XYgPiO1DCTA=,450,947,0
1491189239000,1mPQWrOpgjx/7kwNxhRqqCBdrek=,202,872,0
1491169364000,9gWH9qWbD0uiPxc50DLW5qFCuWU=,947,801,0
1491193990000,EXSU3rnLEl2skpmmDB1lKFQ0XcY=,511,504,0
1491147695000,4uy0LBsvCUQWHzcKIBB9gCgFocI=,62,923,0
1491190896000,QNtwTuzOQ6ZMmp7RTvchDkN8VnE=,483,526,0
1491025753000,xsztJA4+uwbpIsYiQZO8yVWsWZA=,631,658,0
1491160216000,7i8ABqlGo2tT2DbRBcn6O4xWsQw=,983,222,0
1491139934000,7dtd+e7gC6kQTELd1NF3tFYDJJ0=,1,1,0
1491170967000,dGpMuYmtTcMAkUgjJN69nVUSEHI=,436,425,0
1491190163000,7OeF5AJmHd2ESO/OM+jebRTssZE=,530,675,0
1491123917000,j0WeX8VPvMG+35RxJaTQuxjllw4=,815,147,0
1491191147000,78p6/LWUsguwxE6aOmitFcjHxAU=,525,502,0
1491095959000,kaTRvSovcIgAfD3Ds0ak95uUMrA=,142,452,0
1491054081000,VnX3aOx+2Ed1/pk5SVtkaCxEP0M=,338,584,0
1491178433000,u1wWqfJthnNJfzNc06fZnlQh9mc=,34,953,0
1491004463000,9sLa84i/r/7UrGhAsOGT7xvNCf4=,300,254,0
1491160850000,+3jqeMO+l2D5v0FhazF2yzAV4qY=,313,173,0
1491160115000,iEQ9kVAw7Eq+eEsiODL+sdLk2KE=,456,523,0
1491197329000,wI7Idw62/GVXK8rM7kiYnP9XqW4=,174,744,0
1491201635000,4zxjaaFfmVeeGsP2g+B1eKvBGpo=,526,952,0
1491206170000,23EiHxYFYbslDRIPbEBmBLZg40o=,714,756,0
1491166778000,U/i3/372OVEnVcHRNfeQvc/mf4g=,104,765,0
1491214079000,2HXJVnjdb7mhFeSz2KpUCegHSk0=,351,272,0
1491159020000,2/nGqFo5oJAzyRD75foy4oHqftE=,970,976,0
1491187422000,R2/hZsVt3szBRwWOuhWFFiGbatE=,937,235,0
1491201676000,0ilFNqmh3RAAVVLdB0nniQcqvzs=,999,441,0
1491085953000,533jOgNKtfi/vUrLcOenpUDuGpU=,341,129,0
1491139860000,ozSirlyJhT+8Bvkljq+rZpx1bv0=,537,31,0
1491187691000,nV2OKpsx3UwIwlZjVAIZI16pbuE=,299,565,0
1491165745000,CLVta9vheWOSnrPxOEwE1/HHatU=,354,612,0
1491069346000,owvP2RdbX4ScYysBVjeu1U/cXBQ=,256,428,0
1491187091000,gNpsAKlg71fpeM0mfi8EqrOcKwA=,303,200,0
1491064530000,KXS9ii/WBUEOOULU7A02aZX4vJk=,859,446,0
1491142324000,H7Zr2CflQnCVtOSiWZePc1PSIlE=,217,653,0
1491009523000,pwUekKLRiNKriBLTzVdDZ/ybqWQ=,981,564,0
1491114820000,Qvj7xB1LxS0aLxj/ynrtRXhtDoI=,157,12,0
1491128015000,DN5PEGC9HFBqwQCdCVNDxqLjsOg=,794,487,0
1491164938000,Yepy7cYsobaiKbAHF1PbjHccjCM=,50,756,0
1491033998000,ZLXI75lrLLORZdDOSHLesaPPb4M=,131,670,0
1491158855000,xLybhaX96jonZCj5MULQunOFw2Y=,466,430,0
1491072630000,zcfB7/zppHsaMl4jtiu2Lza7Nag=,380,333,0
1491069450000,dsoPh/9e+hVjBmSIAUGazpRRDpk=,767,139,0
1491039983000,bmrjXqd7urpmsyLIvuzns14wJBs=,632,25,0
1491087382000,PJHAPVcfsrOKf4Bkqed1pehCPpI=,91,918,0
1491222425000,Cjb+PNH5erCC6tDjPwFZ/d9ulDk=,729,717,0
1491061587000,SW3scRxYN7+Doegyivs8vAy8XEE=,557,317,0
1490993071000,qh6o1ZPGL7YLyUdYduGnMn1bK88=,932,352,0
1491221212000,0Oo1VZMAmkOmi6QjefgzZVNEjjQ=,441,514,0
1491185094000,TZtTLQzRbywuYDOgtOLdYj1vUG8=,456,492,0
1491144770000,hwj+5uJtWMW//qs3/yYuxxx5bM8=,893,49,0
1491229834000,axdzZgUYAOiqS76R/DcLHsa6d5w=,889,953,0
1491099422000,8EUB41Aagsxq9a1+bfsujQik1fA=,647,645,0
1491129700000,txJoPl3IZg7Lgtp9dB2gf3Ak4gg=,376,862,0
1491091130000,BdZTuNjgBd0tYQEnY3+sOl/Ps64=,528,934,0
1491108449000,TIh6Yw95fEK7iIXOhPV4XDefevY=,987,487,0
1491078244000,pbowpy9tkgJImC7E8K4CLIjB40Y=,752,806,0
1491087978000,AAD0Gx7DoggTnuGpdDougCE8Q4I=,198,419,0
1491092830000,6l3BcPCJCJu2UktF5+H62pBd2Dw=,74,280,0
1491202552000,pz3WWp74wnK5nLsTqUyBszypXbQ=,406,500,0
1491210836000,ZNEaRqPYdblrAPPrZ2z2Gf+LRxU=,419,620,0
1491001574000,q5QPyL5i3xMeXK0tah5CsAIaSEo=,252,460,0
1491001685000,+Vnm1QqeiV/huywivsmatTW0mP8=,689,404,0
1491093925000,HjGWOZdImDq7jrc59d6kUrFwfHk=,259,313,0
1491150600000,DcUH12VZ+JU7Oj6AxXil2j7Zgdo=,988,156,0
1491213045000,US4ZuQGyLDtJbGvGFRbKSKZybZ0=,421,52,0
1491157087000,Z3G9EX8oRTIystxKc6Ovsj33UmE=,453,564,0
1491177862000,pz1Zi/NUG3fpq+WUwwlXETIelGs=,516,901,0
1491167453000,CGG5UIHBGy4bez1kpaF+Q2tYHf8=,689,546,0
1490999674000,6HD0kPShMMAWNRc50EHxoR4bQhI=,504,508,0
1491227685000,csabVESGtXnv4xPtivowcWkLZik=,220,432,0
1491120008000,ByNimEYIXWSVJZKzcledHHs7ruw=,208,839,0
1491066644000,BKns6l1QJ+vuzmjFbIU8N4dXskg=,237,461,0
1491033992000,IhZ7I/KR0JerR9S892Dhztg5owc=,282,282,0
1491106969000,aAfvl91fwuWYZk/YaGWp+cBzcs4=,660,864,0
1491154026000,eMOxuRNMUGKDLaeL8opvxe8Qlhc=,880,399,0
1491161772000,rtKPMsL/H+WOnzt+uYYhptxeRq0=,653,841,0
1491189799000,85rStT9GXtq7x53T4m8k62iRzRA=,629,649,0
1491014092000,c9AWMutPW6H/VPbOxAq+ZlD+Cpo=,492,504,0
1491088409000,Z103ecojvWLbGnxeIvmwypBaSK4=,17,76,0
1491101434000,vdp16RHvomFu+T2moSaLh16FX4U=,203,925,0
1491153466000,dlY5DFHOzDoHIbOuHxF6bQIgeXQ=,998,14,0
1491154807000,p7juwb5DtpmsghGdB60Lhf6eui4=,200,552,0
1491162564000,bp+gpBtSdlPebgLnf8cfWhlSUEg=,697,457,0
1491170463000,aHLiA9kGFrmb1wZnRWuhMyQThG0=,552,500,0
1491097950000,p1Dcps7SjOVP2KLYRcyDTC74kyY=,92,125,0
1491108956000,t7KTOEs1lv6tu5VgM1xf/QK1lsQ=,242,657,0
1491184087000,OGKfdBiRKm/D2Xhue683B++bS9Y=,11,848,0
1491075873000,zMMFYy1uhjWDXercUJd4dx1ZvKc=,906,386,0
1491142879000,GJXYoysmeUtHJgmEwO4GHWQArPk=,1,541,0
1491164523000,dNKmJt0JUoV+pO0ocQBAY2B0rtA=,60,730,0
1491142655000,NCmzmC3PwODwZJjQfBt/HeKt4RE=,6,1,0
1491057379000,3zUSvenRzwmpUiGyZdfS7zF9AIM=,115,985,0
1491109993000,KZoONWwqtWxMkoOVNAR3OpFVXiU=,398,584,0
1491143962000,R/KRXfnfFrJC11YGCThD/Q4qA5k=,999,493,0
1491049107000,1A6dU1eq3qBMJj0Tm1DGIvv9hmY=,478,297,0
1491231840000,eGzQ7u4Vcua/LjazJnpoHBHCDOo=,59,796,0
1491158211000,JIEnjZNc0EFupzE8Fd6jW0i4Tho=,451,495,0
1491226528000,wujJg9crVdu8hjQFkHuAjxdrDn0=,55,793,0
1491065678000,XmPPEM1sKPhendFXAF+rwTQLb84=,494,892,0
1491177967000,qBVI0xSzhctBfDb5teWG24l/8O8=,176,361,0
1491197637000,FVLlI8Pd4olK/eXGkxj8Qw4T5bM=,434,532,0
1491181504000,v/oNpdAg0oaH/CQ1H1wvv/D/D9M=,135,713,0
1491150314000,C44p9OpLCJ29jJmkj/UigTZ7FTU=,740,698,0
1491183972000,+MJg49Mj2DlEgiatfwxt2e9XF4s=,316,116,0
1491119092000,UVDEBR2NCkARnDD1WO7NvV1q4hY=,1,991,0
1491107160000,h+IQZ+8B7Yub+IlFuC1YasZ1lWo=,140,338,0
1491079321000,tJY1Di0VRzzo2dMihNGcOjSe2Kw=,698,737,0
1491153457000,WR38AZ0b8uRQE0/YHTJE+8vWcQ4=,393,555,0
1491100278000,uVCazsWTmg0kTNAYmKM5eTQ5FBo=,859,425,0
1491221045000,sjpC8kZcXl5RWyKjl/w2Etve3TE=,226,939,0
1490986913000,26kAAmLLogcY480Nc95O+JUGRuY=,980,973,0
1491086916000,xYQEW1t4ai0NT92lBUKxkSl7wDk=,529,948,0
1491031467000,pJhoqBUSun83eg/3XFP3lVgE134=,189,11,0
1491186814000,+5Xm0WWIeO9BZSy2jwq9slletP4=,574,994,0
1491139217000,9w2xwN04jIN3N+NIrczYACIM4/s=,214,984,0
1491196185000,t2OgIdxrTaNmQMCC9La5MUYq+NA=,531,552,0
1491085078000,Gh2tcPiTPhOFKG5gT2b4tfv4nwQ=,624,910,0
1491202652000,uTdleCbiexuiIfaj7EvkcnVsfkg=,972,0,0
1491146637000,RGs46tR+2/CSAR6Ktp7H/WXCtzM=,162,14,0
1491121867000,heWvUcbh+ErTJ/tiKlbJq3LAlXE=,626,863,0
1491151816000,QSRdxangux9XosCvz57JkXoBga8=,225,648,0
1491108443000,kyJUsqFZxWulRIhhNQx2E1tfaX4=,53,859,0
1491191457000,UEpTQ4tMYbrS0pmuA0H9wK+ateI=,93,10,0
1491166306000,jG5+VtJ3g053SNvA+j0HJXFi5+k=,36,56,0
1491115515000,vMrEHNPkubyZ951AusLQcHSxhvE=,410,583,0
1491174249000,u4Yn3fA9ZqnYZkPtzofhidxjzTc=,651,589,0
1491085683000,ReGz0oDPi9SppMrLlenKuIrNC3Q=,483,681,0
1491085605000,9X5nSDpyCDLPLARrcBBIsAaJwAs=,237,356,0
1491214961000,NGnJqAVg9ijn2qhRuAtIiA5zwmc=,329,670,0
1491230076000,OKE+lylx0N2M0xMDqf42XuGRaKg=,401,237,0
1491168173000,XCyQCQxYDPJwlp8fhpO4wIIzhAU=,660,856,0
1491164568000,d68rZeYFxVlltPD1ftUklbVVBTc=,832,900,0
1491146079000,n3GFw55oJJB2fdMFo0f+aAssBu8=,483,892,0
1491177651000,omBI69TWMIdsaFBvMeaTRcDPbV4=,490,417,0
1491081507000,+eEcUn2Fm7t+tCXx0pZVUqK8Q14=,865,444,0
1491199233000,Y5lzzRSH+TztsbkzgE7P4XZkrK8=,706,647,0
1491207509000,YXSPcybDZEpNQS5a1osv1IrUbAs=,367,650,0
1491145577000,gFHZvdDR55ZKTC6QxS38nesL9e4=,673,946,0
1491043878000,pdmiaM7OwLA2CmPkgM6g2MNw2Oo=,805,851,0
1491184473000,5ezSMc8p/CL7mSmNoqiZ3suvUZ8=,834,722,0
1491228368000,xBnWonGwdKe/eKCwIoKvIP16fNE=,973,243,0
1491185940000,6DayWAmaxD9KgS/KC1YR55RRxSs=,123,152,0
1491111699000,WsRcqbYCAZ0sI8xjvAzBLBrAOM8=,352,253,0
1491232545000,6wmZyedI/fMBFUjizCgeWfiK4Y4=,32,966,0
1491140376000,2/3qE6U4SNdCh1mW3QxjNqSIYS4=,491,940,0
1491233151000,4C4ItbAxq7jHtL6F9j5EwOFtgjM=,215,253,0
1491082244000,mGEU3xsBo0aRODi74WdzaD2hdjg=,19,97,0
1491030969000,oNX97MNBFBSVpyl7salEvh2LbUw=,826,281,0
1491108854000,5lBHxgA7Ojw1vU+wDGDTegN5D7Q=,117,72,0
1491200871000,eDbgQpSCBkkN2HTLBhsbaX+0AuU=,907,544,0
1491091093000,DRuq4rOxdV1pRFYJvNb3IVPvzQ8=,9,210,0
1491105799000,uUNI4KtWgOFowqLlPBOZjlfDtaE=,463,493,0
1491187261000,DmJM8DcOQx46ktCRGAl9M1i9M6E=,480,524,0
1491221350000,8RVNzzUAN4bnD+Uc0DmoeS8Aono=,0,962,0
1491035831000,FGhdU/dngTdxe0u/8nBBOLQ9HOU=,924,395,0
1491177555000,H2gWYx0yuDUjT4IODvxB/CWoW+U=,48,153,0
1491108043000,t6QygvnJeDjhWrOWyb5cn+Prsek=,404,504,0
1491173106000,xm6sLHDp1qTflPJh8xuz6+ctILk=,140,935,0
1491162628000,ZD0MT31q+Ygy+rAi/oUb1qhQYSc=,446,977,0
1491231902000,0Ni4jndjgfBktgaoW+GaQRxRewc=,437,709,0
1491180238000,GTPVOk1UAZHi2hqeDWvqHK1Igmc=,45,377,0
1491083650000,Z0XTwjRKilHs7ka6gzxdbVY68ss=,120,99,0
1491100483000,xCAgD8OUgqJbCckzoCtwc8Mix40=,971,959,0
1491175483000,D08bboIWzzEtRTB9mPW3F2rCY1o=,532,526,0
1491146949000,dVNoMosMDKFXiaR28ugQ3TjHfJE=,200,816,0
1491197027000,Pljq9lDt+BECZpmE3FPajPgK0TM=,951,745,0
1491155411000,21IDKMHeBRWAyHXrkmO5Bg+blEo=,102,716,0
1491108828000,/Tt9rHebVvI/sJTTwI76pTskaoA=,507,512,0
1491043248000,od2zTU1yDuaE8JdXdwQE8ehr18Q=,155,607,0
1491068560000,P6L+wGGiY42P2pzL4k7xurl0v70=,336,822,0
1491227094000,wHWIflz6ly7aMIier15gBJMoHy4=,904,93,0
1491084451000,7crOTgf4x0pdbKdKJxQcxDVA9Wo=,773,509,0
1491186313000,frIlha1gHFEI4vMwM3DfZdBp/4c=,175,644,0
1491094500000,hljewCHS54LOQNY6cVg/+6OGyDY=,87,784,0
1491088507000,d8m5zKz1amBWLGia35v0halo9ec=,237,649,0
1491068055000,42ewJY6GYL5m7PHwhymY35D43So=,127,815,0
1491128868000,FXnp9WqTf5MVd/u/tYFZ1qWSAw0=,725,566,0
1491206639000,rGVIMBFFo/I8MSqPnLvZ94RkdTA=,991,347,0
1491213956000,jni1m7pGwFN0rmld0TqGEoxtuis=,583,117,0
1491135429000,jI5GbegMXfP+dZQC01umQBCK+L8=,987,995,0
1491217661000,yjqSNfhZvWNfBdnxM0I+WDPRcLM=,406,787,0
1491196896000,x4Pn0okcPDqrKC20HKlB+s4e0R4=,59,796,0
1491124644000,E3f3EpihurIat+UVJG5wbRIcsTA=,397,901,0
1491158348000,GrrzqL7jvA80mfaiocB1daQGBnU=,961,786,0
1491075818000,A9loliTADEpGCA/pxiYPa54Y8JY=,772,778,0
1491059720000,Ozpr+VWzRIRGeZgcNZZSLvPxleM=,54,867,0
1491219268000,4bjbyZue7Pnx9DaA8uOqk5csmlc=,96,215,0
1491109181000,jARwmqMYIaf/iFY61xiL1GOOIIc=,446,526,0
1491177466000,vLVKlCD5RFMRedDAk4XHDroYXw8=,880,204,0
1491195526000,AIxtDR1aSZztFmm3AinqO2vgnCc=,481,477,0
1491137635000,sDc1Xh27h6H7gD09YJg1yl+iZjQ=,227,624,0
1491152648000,8HswI+D4fm6TwjiSQ1lUZThotLg=,715,321,0
1491152161000,bNXMDLne6rZazFFz9CuJmtfDNVs=,409,584,0
1491128838000,rcjQPj/H+TdOP6/XScTplMI/dQY=,696,562,0
1491118558000,UcktADtSgEhziqOIdoPEcLnlBJs=,542,623,0
1491208838000,z8ysp0ixlEukwkDVhUIzhMTJ6Es=,228,685,0
1491105467000,Qg5AowJdqdOZ8KfGCP4ImbW0gHY=,575,958,0
1491084014000,kBvdSsoUrRrTxelpWH/SJqdZwus=,226,808,0
1491220943000,aJdXAzZgPIvc2QTvUMGn9OB4jug=,2,46,0
1491111346000,vpbMs93axhA+FMZ03oojp1KtLUs=,412,785,0
1491082644000,APn11sCD3hLxX+ivd9+/Uqlbjuc=,770,895,0
1491029589000,dJfy7vwRczSGQDImWREEsqaxqvI=,66,272,0
1491141712000,yn9FwpTfdjpauiz4Z49a8e/GT1E=,20,140,0
1491067158000,3XIyvCY6sWiDeQINjdwddQPeDV4=,200,4,0
1491169855000,dqqT/WOh1D7JP1DELNI/8UmLap8=,160,557,0
1491133956000,Ni45KF0mx0PyJmcR7mHDdeCs3Jg=,874,370,0
1491224230000,42EN69jGAp2pJ8D+I/5AXU5TsB8=,512,500,0
1491224641000,hHWyzonUmuiShczUjCnFv1LA+zw=,515,503,0
1491222947000,oOBUWsJUErrqHY8iy5CCDEsyQTY=,582,317,0
1491033132000,4pSNy+ij+1a+FDKNFjZViSzYYko=,882,214,0
1491217455000,X+7msAuKVZKhhlDRwnbQ0nbfQjk=,236,949,0
1491013136000,cKY8ayezz8J5GGmMQqH8QGlpPuQ=,424,361,0
1491160017000,UDcd9qRCIWdsxHXat9DmonVkIkY=,421,170,0
1491228840000,Qca6UoPrPR5L+G8VuUbhJyXtEVg=,528,943,0
1491083733000,1wqpYBF2LlY+/6YWRUzyKgeY1t4=,534,976,0
1491163481000,ThQJA4oXIl2hBDQX8f2o7yLqEdo=,572,513,0
1491149201000,ALLLM1qU0L+4YtBCCXY0/j3YwC4=,858,450,0
1491170493000,nLrKlaOJEENXJQUxZBeKMm8dafY=,201,798,0
1491146182000,lP2EFcpa+6V8zaw2Qy5F6VI0v5w=,63,388,0
1491196972000,a1PjnXmaZGVICy2bLglmA2slJhQ=,56,294,0
1491227674000,wJN/8aU3GP2kgym/THq/oIUoU88=,861,454,0
1491188344000,TmZZLywTuAQN7pqLXFwj1XdMI4s=,256,298,0
1491198514000,+GObetWdGt/pXDWsramG54/EgWs=,480,901,0
1491038714000,OQ9nPSoSV2+rCtoTBRMi+Xln1FU=,150,668,0
1491186453000,ZTHiI6UqeB1VsYSeCi9/9TFeyGc=,18,404,0
1491192616000,+M/PQQ+PktBZTMLcswqhI9G/FfI=,236,361,0
1491205572000,x1D3dlvJN39Wa0rEBJTMS0wY/sw=,532,979,0
1490992884000,4qohegE++xITWfN+vL1HQzW1ewY=,454,155,0
1491084181000,SwiL5/DG4ZBxLZtCmVraoKB/RU4=,673,931,0
1491164946000,D8Vvpo7SYWQoXWLPnmy3gs8Rw74=,614,797,0
1491232028000,nKW62zA6G3RdHbABctnhUZiDe74=,463,493,0
1491234748000,uD1VpzL48unMKV5IYHf9cMzpM1s=,150,232,0
1491139017000,x+HyA21Il4CSsoBd5LFTm561p5c=,941,440,0
1491102956000,wBSd5iaDOQCWmnGyoHJyrdaZA/A=,394,584,0
1491172435000,/JoKMGF5uWfaz8h3NG6Y5Q4N/Bg=,426,584,0
1491205840000,zEF5MG9Sns6dv7wEofHQ6vYfJlI=,253,33,0
1490996242000,JYOhextUucklJU82hieVTSl/FCg=,477,507,0
1491110674000,mWbiGIXrQvgGjSHj4selEigBmNY=,386,552,0
1491221006000,nrf9Zg3FtL/SyI/LeMGMEeFbtLU=,174,940,0
1491175681000,9sXEz9JcHMPy5N+pbji7qyR9HBo=,218,52,0
1491116690000,w63erWwnhr8zRysBb54EbCiWCDc=,325,995,0
1491230446000,ZM3V00zDM761y3Vp1HswI1Q8oZo=,305,723,0
1491004614000,fykBr6pSJjg1V1I18XEmfVGnDdc=,387,327,0
1491131418000,21inXMlqeG/iq07960l9vbE9STg=,160,666,0
1491189172000,zCfJIshOogWUcgIo+IH5K0hRt2g=,515,596,0
1491201592000,FVgvE+KXK6Tfx88MKpS7eVWab4k=,506,464,0
1491163496000,F5X1VWKhs092eOrilHHwgGSBpMg=,672,112,0
1491145605000,vpYSA0v+KEKXT3XL1KoIh8BHy2s=,264,651,0
1491116862000,H6m6ku2dkfAG4Gy10vn9maBKOl8=,933,65,0
1491176409000,yMc4P7pxRDRgQdbTLTA/QPX03n8=,678,906,0
1491100258000,Ff5I6zhEsPFzqUJKX1V8wAQUIYo=,123,403,0
1491227720000,OIStegXI8Z60Id5wVgDnYVFrsSI=,855,24,0
1491223989000,a+yATFFDgRO10H1os4Bh0b4smgI=,295,120,0
1491101427000,YdtlbD055EX+nQyJJkXcGsNQ5gs=,967,771,0
1491227121000,PYZ/XZKxApLe0Nz9KVJ7SwP+CQc=,533,490,0
1491073577000,MJf93za3CQsNIq9EowTAq5rgX8U=,693,97,0
1491147259000,iuDdJPxGEGWW3xwODXemTU6Rvkg=,611,755,0
1490994136000,rWTVnRKzBu4schRriSMAHsirNIA=,829,133,0
1491206872000,66o+pF/9sVIG+xkoCVdB0pVCoA4=,874,427,0
1491144731000,Lpjx2e+IuATOR720+CfOzcKrcaI=,672,242,0
1491210289000,YYya4U3JbeVqcki2C4AVwcUlCtg=,493,943,0
1491090907000,U7NV5jnlGIuRbJibASlSnz8InP0=,664,316,0
1491215702000,PaVUhrUIUv+hrISSGcoUE4GcNvw=,364,711,0
1491118037000,yCHTmW/SB1+Td+CrBVgU+EMBLlU=,526,948,0
1491071484000,rMnU6Y6z7RJZidQhAIkFyi14mkk=,529,608,0
1491112783000,nKQuW0G0cbY2ln9fdWYHBPal5Vw=,447,896,0
1491098520000,jjyq63R/Hh/iH3PL8OoCUR+7mfo=,549,369,0
1491188694000,toTVCXhljtrlydL3ggUD6lfZ174=,865,384,0
1491148596000,yYUCJmIbcLjfSIFLMWDF/3UN/us=,160,285,0
1491186476000,Brh+aTtkq8ddrUlTIh3b600bBrw=,814,653,0
1491087739000,2h0TZKxc7bxpvWccnmmfepRnlug=,788,478,0
1491181229000,zUoIMKJzdkH6Z3bxaMR5w81uVUc=,898,535,0
1491106617000,O/1eEiG8C4QJ2hMct96UY3rnygg=,535,527,0
1491187478000,9BWjO1BTQ9puCnv2MyOhPP+YQC8=,197,527,0
1491081216000,fzUnj0ppD1iRTCaham3Xgu8wZfk=,866,428,0
1491208342000,ODcWKjbfdp+vSgEg9/0IR0ACya8=,182,35,0
1491151434000,nftGYDPbVigta4SJ0awVsdQ3IxM=,68,920,0
1491068574000,xbpDohwdAq2r4nbelck2DG3Jxlw=,303,807,0
1491077643000,SBSqn0me3MsdIz0jm07ykuhOo+M=,199,364,0
1491096619000,UE9q3vlsqrq1qV+JzFH70jMfaIU=,562,326,0
1491117852000,4/N36jCxEblqDgK0JcWQGvRDdm0=,812,254,0
1491192838000,2rA2LbLALWWjL4lsa/SkRTY7Hbw=,878,361,0
1491134489000,mLJCmSj60crGy7aSuJvW6Q7ttec=,397,118,0
1491108806000,PpKSZ2cEzQ7s7CenBOzgTD4c0wQ=,342,253,0
1491134949000,18tKXVrzJ38IjPJYq+WsLleZT2g=,172,101,0
1491182562000,PDT01ZjF/VrUBDQjA2IYqFSxbf0=,501,512,0
1491179305000,qIqXkWRcsmwGYaAOIsd6wbLSp4Y=,17,929,0
1491059586000,YaWH3x0feApc7ZS2XDyOxTKvk90=,57,732,0
1491156528000,NQoVbMa7cruaJVE5fhBsr3pgaHc=,645,824,0
1491229364000,OlRG5tyPsfHkXhFfqngUeGKYcwM=,484,62,0
1491036205000,+dCS8JMGEzUqJxc67NM4ASOY1H4=,194,586,0
1491228850000,8+NBu2EvxUxxYfBKHsFviLsu2HM=,881,420,0
1491097920000,b/1g3QWRNQVLhk1GHyjvN2mle0Y=,150,319,0
1491221424000,f3Jswvuyn1DocHNMQ0gqHThgIUQ=,168,918,0
1491221782000,8Qkta+aT0l0ALqFWBxQJAh/hbto=,375,648,0
1491062238000,VB6jeEKSaQtgpu3fcS9xopSmYWA=,262,461,0
1491211639000,cgOhdyUI6GjDhVG1Sb1GvP+ohk8=,221,557,0
1491160163000,V6q4fQEE+LAvRG86ku/sjDaW8VM=,961,788,0
1491238166000,VXVW2ZuBSH1GDhNajzXnokz6ooY=,183,936,0
1491092393000,gZ7FsjIpVw3c0/s2Ozv5zN3LR8c=,467,683,0
1491225275000,JU1ub2bZJSAACcJx06sclmEmCfc=,579,289,0
1491110141000,lPD/3v3wzjBFQL+jZ9jklbJQ7Vs=,621,569,0
1491104906000,LWaBX3epfOiH0GwaLMzARS4aQAM=,405,642,0
1491175191000,90Q5gc9BoEbL+WKx7qpGP93ZxoQ=,467,471,0
1491059161000,3bHdTANtVlVD1lZtRYBDDese4r8=,369,583,0
1491131898000,q3cSZfD7DLvUB1RoqMawylws6W4=,973,785,0
1491207425000,6h069WwEkUBDzfnw6OihrAySU0Y=,682,545,0
1491119997000,YuLp7KVbWZ8xZAEhfXyaEbVN1r0=,245,62,0
1491232900000,3xivuguU4v4GGhJbQcqMg7IAE9A=,242,68,0
1491002197000,+yM1drozKjHV3O5oirzJseCoQZg=,119,583,0
1491158471000,4/WvYrrdqoq+kLxGMwpDhdtSmf0=,602,369,0
1491203830000,6ZrMbaCL5PIIRw/LeORfRQIJEjQ=,512,941,0
1491168909000,WZH5hR0+6EXP38fPETwwxFl+gRE=,680,93,0
1491162198000,6sJiufqC+w7Y0MF9y5QM6vRofqI=,623,220,0
1491185309000,cITY8zFVBrRcYpwV0Qk5kbo2dw8=,802,946,0
1490995913000,yM5DWVS4zAVts9A7+hkIb5TYnYM=,11,356,0
1491106507000,B5e85W43F6a+r671aItVbWcZnhs=,30,85,0
1491192809000,YEPs4UHiVDzs6yOrVpeyilubA9A=,742,96,0
1491228872000,M81H7ZWN0Sg4mVADHwh1a52oZao=,551,988,0
1491198560000,T94XNYUnZMLVFz1e/Tsju2N5Jd4=,528,989,0
1491213598000,09spBx/SSnWLByihVakvzmUzxx0=,13,743,0
1491141926000,sL0AgZ2b/ORusZmlCjn9gvrbJ/s=,586,30,0
1491131914000,SMRrrdlZ03ugQMGKNpplCNZvSBw=,603,336,0
1491162754000,SelrMnG66VfEgdsCVyHAm9soRd0=,58,795,0
1491177830000,6jhX3dJjQdZFcDfCqC9CKf2wUdE=,2,905,0
1491198726000,wDDNM+PdXjonyNX5vYUzczsPMNw=,117,780,0
1491125806000,d/OjX4ruWikcQHbfJJp8Ngrwj8Q=,774,83,0
1491082951000,T2hP0DxHykC4NFNx9ze2y9O5ImY=,681,162,0
1491092579000,7/pAXwnN4JhUwmyMSG2ER6ukvLg=,594,931,0
1491154667000,lu35nNacHqF9GU1sKbz2JbnbMEU=,740,791,0
1491080968000,2zrfEkwLCQ8zGWtIWKkV7R/4yoI=,537,73,0
1491086337000,arF+pg7JUQaMoJPqs1ZJihL/mPM=,911,465,0
1491195650000,Sj8/UqUZT/i6JTfgcHA32z79EHw=,263,981,0
1491185287000,wDcW+BRvKOksYyHE1WPUJwfoEGc=,418,172,0
1491141001000,wM3UIXNuquQwB4ig2sZjLPF5hnQ=,781,430,0
1491160136000,cUE8RPO7R6PD0CDnOxvuIVe36h8=,335,189,0
1491139159000,eOEN4EIILFYZPvEBnL5MzrtzWD8=,95,141,0
1491143934000,+DP1K9Gx6E7/d2VeVDKHzo9gEok=,840,250,0
1491203097000,s2c0aTiHdM7I4G6lxDGXaWVOIFY=,6,470,0
1491101088000,VJzIAbsu/gksjTqefzQ6wb6z++g=,469,510,0
1491172911000,/5aaylWqYegt7qbxGLLq0sCtr+0=,226,153,0
1491228895000,VWjYlNcE86qXAVoDKDWAiwSECaw=,499,431,0
1491013783000,9Uw2ZAhdiflUI1U8oWiRRP5AhHc=,330,867,0
1491034224000,A7Qvq5C5u+DVePbrtYdsfRAwlrY=,794,730,0
1491161257000,GGfYJI001VS+UDeNtGnTR5IIaAQ=,718,994,0
1491181862000,Td3u8+PCWzcaMcxtlhfRCB0XTSY=,894,550,0
1491082786000,7svzVnvP2GaoCVsy9Sv3n4pyIwQ=,548,372,0
1491073584000,/7gF54bdil8rURXNOvzgAAYuOfI=,558,327,0
1491117890000,53ZS0rK399lx48Iwyz7zPShiT7w=,290,123,0
1491119562000,ytFveCcJ67LV+iv7mPxO3B4K49k=,847,746,0
1491128970000,HZFs0w3irIm4gBtf2NBkHpB9kiw=,453,158,0
1491108729000,2tbfJmOwgL6RMFQt4KIII0izOFE=,29,769,0
1491163968000,N+ya7MEyazxBxu8rRqr7XH6Ar84=,735,584,0
1491154752000,L2JxZqFL2MDMRQHEk04+55Cvivk=,324,245,0
1491198535000,uwdSZ2du50tD3aSrn4w+eluA098=,308,112,0
1491057059000,+QKjygqQyeNzu6fHlHpKtsUT8EA=,475,673,0
1491204182000,idKopmqtlm6HvZAPUeNlWtTqXoY=,195,389,0
1491119141000,AaWm25VE9Fjyp3br+YxZuEkKflk=,495,476,0
1491192500000,JhbTPuDCHvj+4loKO26atfoJ85k=,208,249,0
1491157647000,93Mhq67S9ox3RmWU5o801FQYZNw=,605,861,0
1491173698000,ZS1er6/LnNRkpvGcYhYqIlolG2M=,864,443,0
1491091001000,ZMPH9+Pkd2FYzi27EkgmzctoF18=,66,736,0
1491107645000,fqjFniLKAgoMgLN/M0hT8mTpIwg=,468,504,0
1491155216000,Pd+EcFEx1mkorYGPGwuM0jvoC0I=,510,689,0
1491099634000,L6jHC3lW+iSfAYFas9mHoRQzH80=,56,103,0
1491059338000,aRNEaJWB5MSf9ZWxve+8kXdx2aU=,557,327,0
1491110465000,PQw24hqou9kNdA0bdF9MJB6bGVU=,478,464,0
1491171677000,dbRvvUZbXoEdEnIEjloLzf9ogWY=,306,127,0
1491181601000,AcD9cRsZea35vojmj/j14wtqWlE=,155,9,0
1491202841000,1npcgqioEZiSqTzggWpvFbD/S/s=,40,941,0
1491196287000,5/NgCy+highlC6y+RHVkrFqs3b4=,152,344,0
1491219973000,yx8t/ud4QJaOR/GJq1RSf8T7hcU=,94,67,0
1491161186000,P6zZ45wD9biQ4pJkCwMbyQKx8Vk=,962,953,0
1491014478000,yjQ9HDJayq1e8ZxOlMzSPx2i/2k=,982,366,0
1491235742000,KV24KVvA2sl15LIsrBrdUmPF7z4=,171,118,0
1491213152000,rutoE7xpkLrCJFw2Cq9cdKWIs80=,122,631,0
1491054916000,XLTQJNbf9Tlf+RswgM5fggHD5Pg=,553,12,0
1491227025000,IaScvhaKKVzfBU3oGEfL+qKGBnE=,209,937,0
1491176283000,tVC/AX38DROybmok6TNndMkst+A=,190,327,0
1491181277000,hJ6PrPoxkEtJPw1YvbHatnyqu3c=,256,298,0
1491229163000,THsllpix8pSr5vztOnb+jwumYdg=,27,354,0
1491186625000,ISaMBYlpRrFCAh7jT4QoYpk4Ad4=,742,831,0
1491189211000,aBrxitT3u/kBZzVP1XF0Hwl59Ic=,819,661,0
1491161078000,gQcmuZHEtcSkI/qKBbtx7OtATTc=,108,794,0
1491117007000,2A6VdzkJtNxZm2a0AXJharT4g4U=,157,14,0
1491044673000,1m59w2XCo+fnUfu97x7TtOWPr2U=,471,665,0
1491087034000,svZskmBkfLggkDo74AWVT8oSgqs=,644,656,0
1491173585000,NUDshq5EpNi7xkm1AHehf1Hj7iI=,295,519,0
1491160341000,XtxtcVEZR87uBSrMjgu9adgzv38=,891,499,0
1491181433000,DidZvqvgovJzAUJCvQjS3Us6Hhg=,633,649,0
1491093067000,w4D29Jom4KSMC7Gr2hL9MYQ+Pfc=,91,496,0
1491201652000,NYPXnlYi7PStAo8uk8kAmGzS5K8=,60,149,0
1491029471000,/nXnff7uOKdQFDeHKhcm3269SPc=,142,825,0
1491156449000,yzwAXzaJj+XOqzUVJSMSPernlGo=,527,950,0
1491189183000,Q5a1/yQndnaVLi3PStchMVsw+SM=,452,953,0
1490993028000,UsexwUHDt9veJMFv/wxs4cBjuQo=,999,246,0
1491237189000,4bjbyZue7Pnx9DaA8uOqk5csmlc=,93,216,0
1491226745000,J1JAIiTgiVd0+nS7eMPWQ3M9ibw=,147,69,0
1491201692000,9bifgl/U/mkknkmchh+VxdyzpmI=,519,942,0
1491109157000,i61yavWHnqb8FqvuSyqSNNaVyWw=,127,414,0
1491109868000,mQRXONqm+RXmIodYNsET4dudI4c=,976,78,0
1491199509000,idCOD0abGak56DnS/dwNiUUgYmc=,481,139,0
1491162360000,9c0PJzYlb4ntta0Y8nKE1gBFksE=,254,652,0
1491185349000,YlaDFD7qhA9Mfs/3FxRyLau5eXw=,699,880,0
1491188981000,nLKfkBv6Fsp60ixogMsm4WPLDtQ=,514,512,0
1491116525000,e0L3gAKhMhfX2wyWhQdams4J3BQ=,236,17,0
1491020205000,CXKOCLn31eZjw6R88SmcAHKqwmM=,401,563,0
1491220138000,M1LzGJd1WnATZOZAB5m5z0NBni0=,805,902,0
1491007462000,LAn3EuORF1uCBx0+QvVDZOquTII=,246,462,0
1491107946000,JZXAIaNeJjiHpOAPkHZeDaWYCj0=,405,506,0
1491181348000,c8+zLIY3VLcvPu6en/wGdZ0q5JU=,959,952,0
1491152847000,RScqaJW3xVqB8+OxlV2dIKZFojE=,302,269,0
1491155798000,W6TMNPHKnWCWfWFf2cqhetBZW98=,207,361,0
1491095770000,w3Fi6+/2HD+n8a8Kwvq81+TPOjw=,75,536,0
1491179870000,B+AIa6FrIKpMbZJDuv3VStETSDY=,139,337,0
1491101644000,9kYTTFtGBIp3I0gX/8fErWxycDE=,560,822,0
1491078186000,LjPywcAtsKQIdHJM8UiL1Fm/WDk=,113,803,0
1491060099000,ongyzLa81axGPtq894INzG02JfQ=,904,455,0
1491193236000,AdElHNQqNXWgDnkeLxpU+NFeZJE=,837,62,0
1491126637000,DZcbU7jHMC+sAAjk67/C5sHRI2E=,990,7,0
1491044135000,lEO09H9Xeg7hpBZnHBpP42VKyiI=,721,970,0
1491209999000,x3+i/cx1zgGNmeBuSAOiXJoqVU4=,45,35,0
1491177187000,CCI0aiqfIXIRO3zZ1bPlHUXDWqE=,0,0,0
1491190693000,2I7M29yzLD4vu2RwPFROkUAiuRg=,91,63,0
1491181869000,bU4HDWmDZzbBlUvktpwWWJD51gU=,914,158,0
1491128513000,a0HPSzsjVfqUQaJ3iSG1OWhDJ/Y=,733,122,0
1491039589000,KDmMd4qLAs5mUhwk5WBebvTyEO0=,57,144,0
1491175628000,SH0RZg45vs3JOahlyoaNc3tTh74=,329,736,0
1491164763000,7eyZF1tIO+/66sB+KZO3T7FHCl0=,734,996,0
1491103403000,B59ZjdFYYTFKOT/rZr2ExM5R/M4=,38,364,0
1491002037000,/KUil6iEVSdfLMo1sbDemMo+eqw=,82,583,0
1491137903000,hS+6qE4uM/MCwJAJ0xgQ207m+TY=,886,204,0
1490984902000,AZYI2aeyzANRvdydrmusNQKmYf4=,257,461,0
1491166679000,/C7kHYm7CEGKN3W3+flmLq5loR0=,640,238,0
1491166606000,SScViDc1qJ556SvPUUpwo1axGRQ=,176,134,0
1491185284000,PMj+m3VAdErRACctygMdS/MZ1M0=,304,573,0
1491066482000,rfRTnRyGs+zgJO9+jF8EAgPJ0t4=,582,370,0
1491147234000,IU8IhLovjUK1hv+m4LbEqCcAF1g=,27,149,0
1491132691000,6eYY/sBfPMltlj1Bkih28RghYdM=,920,426,0
1491126691000,n74b1spP/T2YdCT+yvRx4ZOCWqc=,849,808,0
1491203605000,esNL4hgpp5H5wzQgHxkksjp1ugw=,529,951,0
1491234795000,TwHa5E5Jcs2ljTR2+BjcG+jUtuo=,961,788,0
1491158169000,R/2f0wgKiMJ+zagQOwzrGeAPK2c=,861,453,0
1491155110000,wpVuCsha9r43vRUa+ZePnrweYBU=,214,241,0
1491083287000,9KWGShNPzcNHMg6ABpGqM286fGQ=,260,336,0
1491058501000,MtXPOT3XKl3pjFY+drd+6BkLS78=,184,641,0
1491237559000,4Y1YC48gO3g+qmjCodUkKjoFnJw=,41,46,0
1491235362000,e3iRIMrEiox7xOkx97nc9LeUlp4=,3,810,0
1491172038000,KS21gZKjxFbbShyxpkTsGvGm0aQ=,600,584,0
1491087711000,4k7V4+FmuuIF2+ToqmHCvtaPajA=,255,558,0
1491154651000,zaWCY4/kj2Xhju1SdZylx5MfBIA=,476,896,0
1491096035000,1LLnJ4bZlYEwN0jTIEzIakrTVjE=,407,709,0
1491146027000,pd8E+s6QCEW+ZwayqTbW4OF8jOc=,201,95,0
1491110142000,wQ76eOP/sf7JOv5noAm0puF3s5Y=,442,827,0
1491087351000,SS2zWRHTBAEXeB/bZUE1rYSRnmc=,41,820,0
1491161662000,hoiwNl22C2nVbihR7nX12o7pTjc=,311,497,0
1491214537000,C1r4/Ag1H75EUcY+WGZbKC7EwIM=,914,381,0
1491238560000,sHkluCDDs6qmPhMKSV3DPUAfm6A=,795,781,0
1491094078000,eLFyMhPA7IxZimmRkgLCtta1REY=,598,32,0
1491163539000,ryhNQcFaqqf0DfPelmkINBkpKhY=,519,512,0
1491064516000,c9rtOKyo8oB9Q6qKmonXoO66EuA=,141,814,0
1491181405000,yStspFUnqMg6N7iIddsp13V4cuE=,982,1,0
1491016862000,9D1v1AEpvMtgwtGuofd/iXPF84Y=,445,581,0
1491080150000,BTgZ2sc4Acn1XJ5jqd2Pl0aq4yQ=,458,332,0
1491007266000,4ZHmYUUDPSoQbOFN6IKhUL+zvac=,835,706,0
1491238215000,de7dNTeFAeTDNMyShX7cSoAmbxo=,36,54,0
1491210496000,cf8Sb4nBFjb1IcX/Zhbm1C1NUC4=,918,725,0
1491139650000,9RpWZUsiU3+igK+ry+9UEjZi4FU=,121,964,0
1491130888000,VjKityJ7ooYYEvSHCdXMVfmP8uI=,778,309,0
1491085773000,WW6fA3fnHd70BIej2og5xPKY2yk=,850,499,0
1491196908000,K6soTcIIbnoOhPL4ibSJqtFc1zA=,284,678,0
1491060912000,wrIQXK6F7d6/G2vFuQKalxSw56c=,35,773,0
1491167644000,7xlmWCR/rkjwVxVyB9N+Qv1feLc=,977,745,0
1491097258000,B9wctaCZ819DjEl6Vl3DwuTmSYQ=,122,917,0
1491008850000,TtIWWvGctswfHj8xJDu+ezbuk3k=,927,901,0
1491187828000,KoyPJnq5PV70XPBU/G+smXyMC/k=,755,810,0
1491230823000,CMfOIQiYQNz0LivF1Z7/XX6Xwbc=,319,261,0
1491135882000,7gVvWIjDv8mq2sY8Wufgxtk/ghY=,496,424,0
1491219279000,N+wwgcrO4dIwId6ZjgXJawT0jEc=,983,14,0
1491199547000,FcfZy6xPdN1PmBETeb2tvLpZiCA=,749,756,0
1491095908000,oGiUJS/hvkrmX6bkijxTck/Xkcc=,158,630,0
1491148384000,/njn22YBYFV8R6IuqdsPIL7Or2g=,744,806,0
1491130996000,/yaPWvk1UoT3n6sAUHKx36EXO+4=,373,771,0
1491159373000,VZv7urBKFPUIb3xjA0NZHubK/kM=,999,0,0
1491186792000,6Gy8BSU3Gdw6FjuKb28RMGJA5zM=,290,885,0
1491093894000,OBki5Ai7vMiSqgPKn5Vd4Q/41BU=,189,3,0
1491234456000,HeEP/Jq+ibNkZBpQhIe/iiIudPw=,428,173,0
1491150713000,GYcJrOjHUUmbRxYppdX5GpGh6DA=,200,892,0
1491195136000,tIAj7jzotr/hrWZ8jkDbz/AESp0=,758,885,0
1491170432000,UJRIvVwaQz6NfvmQaX56VOZBeJc=,165,291,0
1491220451000,bV1i0m6nZtQWcN/m4Fhxwh6/Udc=,898,499,0
1491184447000,cM+JbM81q26IThtKQ87zQt8EY9s=,58,730,0
1491230386000,nR2w2Ma2FZri3kPIFX0a76c+aWo=,507,488,0
1491098435000,TRkMFA/ROJqS6Lcw7QNVDORfVwg=,317,737,0
1491136307000,Pg0142lQwmgtKSBivXw51Pm6Thk=,407,714,0
1491087241000,AUihU31Ztsv/8bHd0zFnnKckzYc=,302,240,0
1491128216000,Oo1vp3UN/DwwZYAB6cOs5czmv48=,126,977,0
1491045736000,iygglUpIw0AjgKbL809GefEtDPs=,0,0,0
1491163281000,PPuUSWsrojsDxAKUyYXCldvF2NU=,561,572,0
1491156918000,c0fWkEm4zogEMUXYuoKkZkT8iTw=,54,757,0
1491220952000,3BHgbYCvdkiEdfl+fgauSYoKIZU=,362,636,0
1491187162000,4hZtLX0BOC3bAn9mdkAEOMbadcg=,647,736,0
1491236699000,vXFl0UAY9a06hoRa4O/xr77g03Y=,977,382,0
1491234504000,keKBB02p4kOuWpxnXmiiBmeIzBg=,492,512,0
1491172520000,2t+M4YBbMMNxKAQVXQOUN7sPDCI=,116,723,0
1491099777000,Y+1wAjFDVCK1Oa3LhTvhrkKT+iw=,189,696,0
1491127625000,ugVxuPSoqMKPab4F9Rw3P7C7XF8=,541,51,0
1491209486000,2Cg1XmUFox/zbvOwm92j2563Qec=,834,353,0
1491124290000,X1ClNDhUhjL2L0G9ogsr3NlmUeQ=,430,17,0
1491232277000,5Ra64p+wVCjwftJEgG/z0uIMExU=,523,524,0
1491164692000,pT1icdJQjw8hn42KDKHOKjP47DY=,160,285,0
1491168224000,r9m1lx8WnKYSul8Me0sDVpvQmFY=,405,507,0
1491100317000,6lNAiqB91bcFKwVio4Plr9cZbSY=,561,827,0
1491151965000,nL3FKlv7IlmjOZ6wdqL0m+tVV4M=,468,296,0
1491198616000,hYGIVpLXGP7X9U6Sgv93h051W4c=,642,799,0
1491177044000,JvK6typUgjSD8fgpSCdhZyrTs6o=,176,642,0
1491177020000,3VylGkxMO6W5SBeE86uoDY/aNiU=,401,970,0
1491194346000,wFCINH8zAcJlsSgWL+xGbbTxHmQ=,981,472,0
1491177733000,xOs6gqxloulPC0P7zu8tMH9xhus=,122,474,0
1491158397000,OoRckPuv2cQUy+3bk/xYibFbiqI=,349,204,0
1491091965000,5H9HIOte0PX9c+VAwTihCqM/nPg=,544,628,0
1491080230000,QCT7Ayq7Z7sEJ+j/7b4rW8N381Y=,545,941,0
1491066969000,1+U2ZEfA4IrWLpIVw3L+NklW2PI=,251,94,0
1491225620000,T7+IZNtBb3hVhLYq64zWBymeB+U=,966,760,0
1491147611000,SL24sh5GKOXLmLz6es/RbzDHWLU=,901,534,0
1491001000000,3kcwvF571E9HoKWIt8lP9PTc5sE=,474,664,0
1491156236000,fpuVnZdIQbxepr2hGHMx5KXPqtg=,825,287,0
1491112353000,HJhcox6xNZAJ2yiJ1fGYnujUPU4=,791,734,0
1491187504000,AhEONWUPWT2y5DRuhiOGzOh2re0=,9,155,0
1491166255000,C5hrOFQQPfnBf9mUOyN7J6Ud/20=,440,534,0
1491201543000,jHtXtEo7kgqSOxHQBJCgfQp/DlI=,958,945,0
1491180868000,BBqTlIX0XJ4h5OiIeKbFktwmeE0=,297,151,0
1491211664000,2WyOOM48NS4A1ErkAR9uJ7+9aDs=,500,461,0
1491191628000,FpAbnQcLVjU1PCQODi7vtXp3osw=,819,577,0
1491187012000,Pvn38nAjfJHyGN1IV536/QX4X58=,361,908,0
1491127326000,G0YubDmec00bCWKwDF2Ot7zrPVc=,59,796,0
1491151304000,ArNAjzRj+SS8q7HpsaWQWZ+2mgI=,17,139,0
1491085559000,9J70XFTLOqPAAPzKdvNC8448Vqg=,342,819,0
1491191378000,lgVHr+oqiuo47fDyPeJ3hPRP+Eg=,474,556,0
1491189124000,lTAU1AvGxs63hY2svxB3YchOeEc=,162,447,0
1491195850000,XLXkeiOZ/rl52DijV+ecWuE0GNQ=,425,269,0
1491170106000,EMfsRhIKszGOg2rPmoLkFw8qjbg=,83,966,0
1491197243000,+LZ3xsBF4qcDcqgy23eiEVCmQq4=,469,487,0
1491154558000,CRgbNCskBgXCL528+SEifcGJk/0=,110,186,0
1491047626000,rsI1oqDvmnOeuiv96ZYhGiQ3TEU=,395,850,0
1491171560000,Q9JTFuEKiACkXZ25u3lf65o9jb4=,626,813,0
1491173572000,MEILwKKHET5kCxuBYGQqDgDuL/A=,620,237,0
1491158309000,JL4fvyV9Vf/32GuX+K3pS8eDfMQ=,923,285,0
1491144972000,NHvheXJ52tUfkHhPcRaBupIxxJM=,36,33,0
1491235409000,FAPsSrqflHCNYQF1rZlbpbGVbdQ=,522,502,0
1491205783000,LwoNsyFvPBXcFiejjHxL9T6Mb54=,38,364,0
1491206075000,p1ZecKCC6hKpwhdFI46rg9en7Gw=,510,461,0
1491191440000,bV17IRCnQ9t+6JS6qr5jOuc8rQE=,656,721,0
1491213197000,P44ie6VNIDtVhoma1tFR8no8i98=,973,215,0
1491110601000,495Vf7lIq/9EPTocbNHN35R2QTg=,472,983,0
1491113110000,3GyOZ9+3I+Zk1W2YlHDtLuhlQbE=,481,465,0
1491181265000,KS8/KjQcgjeVDVcDuWp8rcVUlN4=,464,492,0
1491150831000,RtJUyyH3nsLVNGSdcy40uc7Bh9g=,45,502,0
1491198226000,BO4iCaJq583oJ60ORla7INzptA0=,149,405,0
1491195201000,p5tsWLwccyccncllnGQ3eKn60N0=,298,486,0
1491125856000,TQ6r6Wr33ZKkSArKn8PipYWzrFI=,108,757,0
1491193506000,wIFP40ou2xQA+3dEqwVFOMaLlcs=,176,934,0
1491082771000,aAiE0qbAlQKdo6+IYBusgg75NWg=,55,81,0
1491214908000,q6D+RkKIJWy/QT1U2yEAlLpcOb8=,653,650,0
1491040459000,eo8/iUt+Ua4FmTduqEErMSJMJbw=,410,574,0
1491063523000,ZWUr7pYUvtPOEWgByKvYrF8odFg=,584,26,0
1491198126000,+Mkj9gTSOiJV9pgG+NxQXtyZx2Y=,497,914,0
1491181185000,H/xMkvvjq5sdCQX3iOLZYhmUNYQ=,435,487,0
1491143456000,xRk83YdAU1ta1cElekkoGb0dXMM=,361,522,0
1491214512000,yPHgXqtqqBgSP33RU2yGo120fP0=,770,895,0
1491177038000,luG75MDHXzOGaVX9PgLbUnAEn5I=,414,934,0
1491153867000,IB5ZaKYurOqwXpi3+lFtk4rQqwk=,553,490,0
1491205659000,Ov+4/OwMMah1izdBjUlb2dkMBYA=,512,950,0
1491187956000,m9zc30mxUpN1Y+nwRLV1fEw9yMo=,868,717,0
1491145959000,R3KTk1JkDBua75+WmJgFcKgQ+i4=,572,734,0
1491192654000,jM2gnEttli8kWznqnj6uJ7Xbwh8=,351,272,0
1491204043000,Lg6QnC/V1tt1LGIf2d3g8idYdRo=,326,242,0
1491186199000,Q2048W+Qn7It8LOdeKuNAbSYxng=,168,221,0
1491175151000,cNxu7tOxaFxLZJ92DGNjFK9Xajk=,80,9,0
1491162499000,U6/m4XD0AYuH4EjQWEX3Y2pbOtg=,353,970,0
1491086341000,f7yYX55hl8FRWZw+1HatvwRyvuw=,7,969,0
1491163307000,ShmpT6AgPtl5VmRw/rEyZg6lWcQ=,871,363,0
1491172215000,hVqty8+7lgqmf00u460PdSIvqXI=,519,513,0
1491118042000,VAHjpgLwKfy+IT+JvEV7JiaYRc4=,622,131,0
1491122082000,R8GbJzv97ja+6q5c4dagEsdpWQU=,605,314,0
1491176776000,PsiH3lqpCy3Qa34OC/K1cioJCPc=,506,511,0
1491168975000,Ug/AgpddEjwZBz6wtaTzIC2FINk=,316,242,0
1491229605000,4OXQP1c/uFJwpMhIR8D5rxPCxtQ=,265,710,0
1491140574000,TAhVBb+7wiipls/NQkXLNfJNJFM=,858,890,0
1491157127000,UtaYZSSn90n+dcEaBvoaLePXGHs=,822,814,0
1491066651000,zMNZrBPv/v7nMnZK5rmDaSxaO9s=,832,248,0
1491108387000,KY93VFsB44GgFgYeussdSz3TnxQ=,627,910,0
1491186980000,lQje7MGakFv9kdIaXyVM4jNPsAg=,438,908,0
1491051626000,0d30HpCDHhDvUWl2OhbsiL/lz8k=,15,793,0
1491020048000,6GY5zCxRic3Je7RU+W7msVMFhGk=,728,399,0
1491193745000,aQFwAVLiOTEZ53scfO4lpr7Dj3E=,719,679,0
1491158390000,WW0CH+6Db4ze+JCw4J1zhDN5vxo=,960,285,0
1491174182000,urXNzJCESfkdzOrp+CjZ8ZyPe40=,507,513,0
1491147812000,gAIy9sgHt1NaQxD7oTtwqsx4KkA=,211,107,0
1491142838000,VqT3zjtbukwFmyGlCHxNevGehRE=,214,994,0
1491087429000,RKHPR2A3D4NSe/fTCRM4/xPnMNQ=,99,660,0
1491169101000,tcZdoAFlrTZIInM3Uy2k93uGdQE=,418,53,0
1491043348000,Olbdje0saHnr/TiuwQBEvv85hNM=,505,67,0
1491136226000,7M+xDEVQRQkDeUSPhnNhTpN+pkA=,225,272,0
1491222752000,krkj4lfWsmZSHGFCNOCL8smBQ70=,570,460,0
1491069736000,nG2ge5fIrHeWENuWvulb86EDA8k=,813,541,0
1491182004000,ry6s62mO3WGHGDdvPhpLR/QGXpo=,821,289,0
1491155541000,VI3WH3yXn8BU3fxUK754uc1igCk=,598,332,0
1491139581000,RSdxCMilGd1gNcNo4XElmv5X1Lg=,41,139,0
1491151064000,sB2VZhYS6QiIb58z0Pg9pV9B7V0=,570,475,0
1491163905000,G7FzLauaXepJMd4jRNUE3AIn5g8=,500,414,0
1491221239000,v4x5aH76ae61yJs1e+aXowgNbCM=,361,75,0
1491230264000,cdYqZj3f93a+McEujogUR9yGsp0=,446,176,0
1491001172000,aoyGy2+LdCA8qlzQ+XFmrx/R+BU=,131,25,0
1491018582000,FbGfF3NA9bRZl1Tj5nfoShTIhEI=,80,630,0
1491192261000,iZWZKg+cmwS7U4RhpFvsCsxRKlw=,175,117,0
1491147848000,b+2pcq/FUJXrIUtR2v2WL0/qNEE=,278,491,0
1490987137000,i9K/NW151Rkwxfw7tS3pUBdcV9E=,632,627,0
1491110283000,vfLhatAoHN/aIVwGI3BCs+aYFgc=,411,583,0
1491193034000,o5jCILqhMI4VkwYn9heCDeWoe68=,410,174,0
1491070709000,ULfEyFM0zKs/GWZtWKUOpIsdwKk=,865,450,0
1491128238000,TrryjoDKCgghMBf967AwdQRn8/4=,556,327,0
1491226785000,vlm9uO9O6nO22jG3GQLizRpsyJI=,943,620,0
1491127319000,5pgCsWLAv2Ti/Hng375nRs7o0k4=,532,605,0
1491054432000,luBauKYPkcbj2n7fwfyW0yMaZzA=,895,734,0
1491207884000,Wh4AbMbLiNjzm9Y05AUyARRVbkw=,404,717,0
1491202413000,GZz82bSXJpK9JD19lXsyBGCNoes=,516,950,0
1490987284000,76GbUT0eloEDomb65yyBKFcIxLs=,971,467,0
1491129992000,HdNlSwLS4plBHF8Jna9hUK1sriA=,697,563,0
1491101518000,GN0B3Ml/Y2P2mHNis4KCYQZ1fRI=,892,56,0
1491164527000,aDGAsWvE7GayejrHgHQQG43TWTI=,339,275,0
1491154420000,Wo+sMtt/d2fl+/1EKxmViEkGlV0=,497,513,0
1490996421000,kxeI9mQworRM6coq6OsuDRMfuFU=,512,522,0
1491179760000,0ePNUHhvXxrP6IH5l+PUu8uVS8A=,476,584,0
1491140193000,tfV5H0T2Z0Ng4FmBbRkvxXiDXrg=,673,831,0
1491088609000,WFnligOZlaqR+cVrN70iukEJlRU=,267,796,0
1491236229000,12DcPS+x+ffzrZQhPZse4cDYaes=,493,944,0
1491212897000,L0+HQKMki0heaF+1aNZC0ghhNkg=,74,72,0
1491068757000,AtUVqPlJxiNv0j3SxwDQnJDtJLA=,126,644,0
1491187775000,hvDfOJJq5yJGLr/v6JaREzxTBqQ=,72,14,0
1491121977000,Rc+k3FZYByNSqBeiGHtdD5UYvnM=,832,526,0
1491196948000,rPqZpiK+t2LS+A2L8VXCnnVIiRA=,157,243,0
1491213620000,cOGiKt392R0gom538exsTPoNlvk=,19,743,0
1491161262000,xZiNwqNxAr4ru16D4HGBVe4i8fI=,456,89,0
1491102609000,uYJQbNADu3CbS052ZHDjAKJXUFA=,649,646,0
1491160889000,Zt/AIVe8HfxjSVUBCtEvgi4rjMA=,862,454,0
1491150604000,/smIKc2ACD8fu01J677SjEqI8vg=,443,471,0
1491178221000,PmDIFAf5sWa4uVX/OGyxsA1mSDM=,989,567,0
1491236645000,Otm03EbnVGi0tQO0hPdFGifb86g=,483,524,0
1491110294000,s76ahLUM4wlEMqsrvIXv1CpUYXc=,585,539,0
1491096487000,Ldu7wxITmfaxZPOwTbIkZYv+6t0=,430,65,0
1491231005000,HvYFT6qD2l7XUyF9KGBDvNV42Xk=,484,504,0
1491055617000,jn2jgqdzFoOkysbUYN4KMgAn4Eo=,556,327,0
1491204323000,OqbC2krP5zBUSyE6+maNDk3Lsl0=,238,656,0
1491140774000,WSjEFLScYsxphMsjubLZ+G0McVs=,440,539,0
1491089015000,1uzvX5ybcTmGwfW18q/VPkX0vqE=,808,249,0
1491072109000,JUz7Lmm1+Q+V5Ftt60FqR0vEaGk=,43,79,0
1491066069000,hV4Vk1aU6r5/pfjA5FE5RalIio0=,212,3,0
1491221849000,SDFFZNe/JfzdkVXiv6NX6r1LSc4=,543,308,0
1491150074000,h83ka7tH8FS3bod9boqOI0KHAeM=,506,936,0
1491172983000,sucutBGhsHSjmQ8ARWw98KyragY=,144,23,0
1491160000000,gXgml66G7KovjjA0GMC04yu4+Ww=,484,901,0
1491150868000,AVHAxrYQknJKv6GLx5aSIOl57g4=,864,563,0
1491230959000,lhTayAI1o3ZuVUuaaw9szmO+Uoc=,515,522,0
1491190183000,QgchfkSc6y2tKskOfYEiz/ImPl4=,701,563,0
1491230381000,wsRi/IqMgH0u1VjdVntwAqvHjns=,663,126,0
1491148798000,+h5Ixa3KVHjeQ8Y5fgJ/l3vy+aQ=,320,242,0
1491233716000,wkwyldwXxfeBv0HFcDheLAzhHZo=,297,54,0
1491049991000,eUPpgWfrCQN/DxiXMfUfOmzbV/I=,596,780,0
1491166393000,EQ4h2Xz0I6P/WAimscFQO+xnbeE=,329,932,0
1491183257000,pLSIECystNWzsdP+ZLWgygDZiYM=,966,775,0
1491160969000,1/8Ix4YdajwsoDQ6IR9OBUCI+CA=,488,800,0
1491229953000,U3XWCunJAK+xIrEkeoP41/pAXSs=,226,407,0
1491104311000,ZtKOt/JbDEFqpBXEKssOUvA24L0=,793,540,0
1491118364000,6NQzehB1W8cgiyWGeJbNJGceU4Y=,902,206,0
1491065448000,TmpxL6I0b3XltW6QrfAo5/JvhcY=,193,583,0
1491175862000,koFmBhxMM+llCmCXLiFQrbCta38=,283,223,0
1491170881000,hmc++iFbHMwnnw4fHMl8kdligqA=,421,56,0
1491174145000,ay+hAB7cMCuJvQhNARpYESaoA6E=,934,668,0
1491235661000,Rs61kXHz7eZOjygnqOzeGYVGNgQ=,501,512,0
1491222937000,KYEVGxDbpmtQDKA4tBk+gP6I0ck=,475,537,0
1490981625000,XZlNA+Eo37jIcoTG+VWScYQfxz0=,460,491,0
1491218209000,2fAqvSeuUxA2X0i4oGfFnbhseLI=,228,26,0
1491144325000,yX9+jVxZTfiIKynXlLmnd/lAwnQ=,867,208,0
1491231627000,vv0gs5+ijhYLOnQtzJKnLIJpnEQ=,191,875,0
1491169015000,+NJ+USlxKYHxXgO8rZUT5UUSktE=,880,65,0
1491188224000,OFNeYnsItQFYK/pvcYLErpNrWdE=,9,844,0
1491083775000,oCLCMZnUp/qcoPm+n3fgDxBxKPU=,87,154,0
1490989532000,vinPe27dnYE+2Dyxt8PMaOr7SB8=,941,898,0
1491148639000,cso7VU0eq3LvOYuyMwA9gl+hbaQ=,87,33,0
1491100398000,X4njRWMVHJEgRML7Ct1z/XcpNl0=,723,920,0
1491087859000,h5G/+pl3hp3MabiBjSiIiLynf0A=,368,427,0
1491238109000,8DLfiOy0zGhhVKpVu9AEcAJGCrI=,526,675,0
1491196169000,tKKT0iKdFoIly9GWAxMXnw674zU=,152,9,0
1491117689000,RPOT5cxlys0BECWJmdJcB9f2GZo=,231,33,0
1490990616000,U4Pzr8+5IdQ4r8X5yAofY+QIH94=,474,156,0
1491089696000,K/z48uegcjHjPoh2jptVS7yld64=,260,297,0
1491114811000,aT7tRv35mOTyrw924s/KZl4uwHA=,15,840,0
1491186251000,Hn94jgFuQatG7UT1UV0HQu9iJZY=,494,896,0
1491176396000,OVQdG8wDNxipJrRrgrj04gm5Mn8=,243,326,0
1491110572000,ue+BvAov0wa6E+FjlR4da19o9LE=,482,462,0
1491192029000,E5ttLPU200GUqZCvgrDpOvXsWrA=,917,285,0
1491110857000,CMLlIufl5cxieUS9XqRzWbYWwWY=,895,205,0
1491151220000,GZD1HGFSXroGQnrAZZ2JF3ADafM=,337,908,0
1491159728000,5Ra64p+wVCjwftJEgG/z0uIMExU=,266,655,0
1491089867000,vzdQBzBssT1Mk20/5hjYm53fBXo=,183,640,0
1491157835000,MS0PsQ2waIm1BCqpTT9xVq5ETgY=,504,513,0
1491134130000,GEmjZ5EzmoFZbzD3vShr/qZZYzI=,864,492,0
1491191413000,e6tf1pR/5z3J43sqFUcAao275vE=,524,903,0
1491190641000,y/LByccWdlk+8Bq8U4TbAR1AH34=,161,704,0
1491128080000,mQMNvaamluh409Cgfn+SsxvSh6s=,848,313,0
1491135493000,9jPGpvHnWF+xQ5A89gpurrgvB7Q=,905,938,0
1491092481000,9iieoIKJ0lYVsGYZ7xqIeBW7B3g=,353,520,0
1491092733000,ybTVMr4BbYn14Co2V+BEnaTaTww=,886,46,0
1491158003000,e6A3bkkmHSsyMk5b3mm8nwXwXlQ=,387,250,0
1491129185000,PWBsAT42HsvGof3ScDwadUGo+X0=,974,375,0
1491111340000,BCBERd+Zw8EqeoZ8/aO6i3cowdA=,464,752,0
1491147468000,4VBFV6/1pO2b/J6+HJKz2XYVnsg=,543,771,0
1491145575000,9l+RMuxYKZSlYTzWKnC2u37/Pdg=,507,525,0
1491152462000,+Qe9bEnIAB7HQzsQXP35Bmz/Mcc=,809,923,0
1491055283000,ZcCXw+ucJ6m3thb0QBWXuwlSkgo=,520,622,0
1491167233000,74nzeeSsGQn+B71rdYGIYx4YQQE=,707,111,0
1491186609000,neJTW3jwjnSPr66BAG5t0Bm1Nu8=,193,725,0
1491163266000,iZXdbYgOnd16iHvt5yFnLJI7Poo=,940,60,0
1491095669000,9FjQu1ajR6qxJTdIICu0pPdq/Xs=,934,291,0
1491174469000,Eu0ZaRqlAaQLiP0yFOzMJ8OJnyg=,9,406,0
1491162494000,H2c/UPFd4peJi+5aIcmOS3plGYI=,405,790,0
1491091093000,37+1prvOFn8J5KNtYCo+mIujfZg=,231,409,0
1491181797000,IdnP5RrKBuCEKwD1caYj5wibUtg=,495,500,0
1491166036000,7dDYTCfv6igmN/nx5GKRjlx4KM8=,166,766,0
1491217634000,GJmZ6bTtqC5QhHDsokUveqCS2So=,955,945,0
1491149383000,Wl88u8rjWaG2H5v8SsOHRNcEJoM=,809,78,0
1491094980000,vjVbEX+IlmRkpagiGcKHUYoUyD8=,90,765,0
1491100886000,fpCUkUv0u5/ueKYdT3IBlEWL8+Y=,0,991,0
1491103363000,yPe7SE5A8FYq5fTZsCKu5cFtbfM=,416,584,0
1491155801000,ldpWSTpcE/h4oZBiB0e+cJkJGHo=,261,207,0
1491114484000,/ItkcYjHbK120n5q1S6Wb4kZbRg=,339,274,0
1491151964000,TAh57jpQvvUtzfG0MQdWGI/ynvk=,592,369,0
1491083113000,5WFjoMl816pqJA0bYIiPNUjr054=,151,101,0
1491106376000,sSDSlAIm53xpte/9cXyozGGpFpQ=,485,511,0
1491188975000,p2tTRKE19pRhekvIqczh4HYml1k=,501,499,0
1491192234000,srnQqS3n76wDxao+xlyfr1/Y6DI=,677,91,0
1491216006000,WMVKE3SqecZedNE/75afr6UJgqs=,529,599,0
1491065217000,dtnWy3xADFaa3XyVEgJTI8EcZ4k=,763,133,0
1491154272000,fOjR2pdiUwDvJsjna5Mn0NwmsaE=,481,643,0
1491166155000,iAeIpb9yFLu04WAtYIuP+mm9P7M=,812,254,0
1491185329000,wG9gkmvoXks4Hn3k7FRvHS0YvCM=,149,75,0
1491184090000,Qs4+AOzMh0Zbm9r/WpWAAt2A2IU=,596,744,0
1491185421000,vaWRlk5jTHiCJkN4YYmH4j7s1QM=,386,146,0
1491120611000,f9anVD7ZBnKPUwz1hKwfsBilKIk=,289,694,0
1491156450000,FSVOiYsxWH9ZMLn71QLi1hrNuOU=,529,322,0
1491175214000,A59SJW0Wg2TvohRLRaIQQzyuMIc=,399,879,0
1491095522000,7S7hyo/Bi896o0e6ifuO1du5g3I=,544,760,0
1491191137000,CuDODi+M+yBFysWDPIWAAt400Ik=,455,501,0
1491169611000,6pYGRA8uOwwEtsbEgZ6PNE8G5Hg=,112,740,0
1491188799000,U4mxXf2nFTgmpFkK/S+7B+hGO0o=,514,778,0
1491233659000,l4v0tvLcWD2pw1eNFOUG5JTPBLM=,0,15,0
1491183109000,3C3NMiPmEKPykCBY8yKAT6bIYo4=,897,385,0
1491234070000,MbsfD4m9YBPs+whw/NWUqCZ66a4=,2,879,0
1491153041000,mX4UPnhQUAcAjkpXrOnP8XNELkA=,69,265,0
1491106249000,fmkF7ihNmYv63S4fE7XKOwBpl04=,238,652,0
1491144906000,2yBrM+XOKRkT2DlPZF7eeQ5m1T4=,795,877,0
1491231525000,hL6tKaQoSUfTpI1akwDTmSpL6Ug=,485,430,0
1491090500000,VBA1xXtnmQ/zmIi6AdEWOQZPBdU=,30,20,0
1491092657000,07VisntdEP6OxFp7FD3/GgZzHLE=,423,569,0
1491169520000,GUU9ciMW8QA7+ovzkrved8XGlRk=,862,469,0
1491098674000,5k1+3hgxhzEczJGNXHNKB+bpbQs=,764,465,0
1491107465000,SyKsQOq9mxSUPi0UouVznxPmzzY=,387,583,0
1491208220000,tVC/AX38DROybmok6TNndMkst+A=,198,374,0
1491188984000,rx2BhRvPvp8zRcxMKOl9qVJpKCw=,118,495,0
1491060270000,Ytz71IcJkEEcE9Mt18AEfvq0WWY=,457,330,0
1491221099000,Ko+exV44Jn0j/fB/tKGHuGP8QZY=,614,59,0
1491116870000,tNjrFAckjIk3KXLhi1GWXPd7UQc=,532,74,0
1491117168000,FHYdkfXOFgAqYIAypexggLKmmhw=,530,613,0
1491211893000,3kHcNw6Y5mUTq7v7fv/M+MZ7L7Y=,15,468,0
1491196281000,/XJBrxxH+uJukUTGYwYi21/I7Fk=,242,695,0
1491167758000,eOy82uIl9pTa2/sqOe0/Xw3vYyA=,497,500,0
1491216593000,7GKGIYgkn7XBqLCtv15/6jdivYA=,694,953,0
1491090281000,xfh2bC3yINTKblBjqNMHuiOW0N8=,341,656,0
1491188719000,zcJJaQVf5masvRWcT2z3YsHnQ5U=,65,21,0
1491068587000,/OOZ/hBnC2LpUvsBh0AYd50xWvQ=,745,255,0
1491080029000,dLRPBbJmaAS1XGJTTTsr1G+GhJo=,835,754,0
1491085855000,BH0zkYlTbTErSbDX4L1fT9S0b4o=,341,251,0
1491206066000,/d3cQb+W7KYc/BpZhwXApMOpxkg=,52,454,0
1491083869000,L99b6erp2nQWp4rRLMbMsgb/ZZQ=,529,949,0
1491074964000,BRRWhrcth0KMTu3HoHD9u8CUgxE=,403,505,0
1491220991000,y1dJ1wLSXb1UBHZluW3zlHKou1A=,843,427,0
1491163630000,B+FlAXJf615NXrkLEu5xhAkxS4A=,242,424,0
1491160777000,xhQt/t/2F7ISLWsP1IXj4MTg1Co=,138,21,0
1491109644000,XzORN5/zGQb2fIGEXn+RG+R+J+0=,149,811,0
1491109486000,pBKLsvhhUK8I+LcQ+TTlLSklzHc=,627,917,0
1491147957000,hIIm7CuKBMYMsASZE4O68zx8hww=,72,918,0
1491190146000,zYFliiyZExG0riewIF21O9dXwqg=,471,557,0
1491127606000,rxZJWtcKS3sGacJhFijEBNrq5Co=,810,128,0
1491176010000,oympcdT/GeJhNn6BvGMj6tu4D74=,228,325,0
1491190727000,z3PT1SaBIPxrHismnOH0tSX0pWU=,987,516,0
1491163492000,svPujyZD7kxpNkSGdOYTCaqQ0Yw=,163,808,0
1491236934000,334uwEDt9NsTYf/Y3gr2Jy6cOBw=,437,510,0
1491153783000,jLC1DA59F06P9UdCizFr92603iE=,431,169,0
1491103617000,DCuFypdHyZCGlXdiE1YQP2ctVts=,779,427,0
1491219950000,vUcnbU5LOCTujX3BE8sycu6PxGw=,495,962,0
1491100519000,l7hiF5v1bCyc8ckBOzU46fc/Ay8=,912,289,0
1491097483000,mwWLuwV/TolcbBOt1IjJuiRpExc=,132,119,0
1491230286000,VpKTzmS/FlIyfKSQVOativDU8uM=,892,951,0
1491230148000,Owlk1ZSkJdxqO26lMEQW92NKb+8=,516,939,0
1491218581000,lUt8l4z54plSTS2BANF6Qyx6xkg=,344,893,0
1490999526000,p//VFc1n+n7T8w6iuvsi2gQ0NVM=,992,98,0
1491219470000,MyoWbDdqGB6HncqxxlUZ03/3spk=,489,513,0
1491162636000,XmS1Z5WyM3z7763ULQUYa/0eVeE=,351,648,0
1491175232000,XlsLNEWl9AxUGQSx7jJNATSRPBI=,195,991,0
1491233368000,B9i0UuySUgQQ+u80t3+KRpxIpBI=,60,20,0
1491190785000,+gvu6BNYLauX4Lm0BlKyg+rW84M=,846,88,0
1491189614000,FzqOHcr5fKF/LW9wkj8xntdTypA=,8,845,0
1491150846000,Dd3MzvHekMIr9NZanhLZvDD1dTw=,384,558,0
1491162412000,hMSss/VqpURttT80ZE0OSgFRkB8=,521,788,0
1491173051000,kj19txbOjLCYemI6wcL0IEy5bVo=,873,754,0
1491187036000,Yjx0aBGCA/c65dVDilSrBB32lPk=,557,328,0
1491049007000,axUkqPaKkZjVdGdCWugm0NFnaD8=,615,869,0
1491205059000,ZfGuzI5SePvRYrpU0iSDTtIqlzI=,477,870,0
1491110456000,rwJpfzvXvOVd9+3DxBvf3hxvDrA=,662,862,0
1491180271000,kxcv+zc9RtiSI0eGuv70IOzuURM=,857,443,0
1491093497000,Mbsiq+cHDNHl9i49G3qQd6zeXF0=,204,411,0
1491173786000,6C7lTIrNG8l4y67JTJxS3dUEZgA=,894,49,0
1491062207000,n14F5vzno1At/cUkORTswOmeFVQ=,475,381,0
1491189866000,PIuOjH+nAQTpG1KGDZQnFQednAM=,163,13,0
1491137454000,uFphGioFp9wefwgxySk4V2eUOdQ=,370,553,0
1491071301000,RZ9FiJdKcAzpIk1RnkRokBdYGPk=,865,479,0
1491165537000,abewdVW+eu5XeGatq8HkXjdYbHw=,452,755,0
1491185492000,Z0yztO/W3yFCqsz3By34puUg1HY=,131,292,0
1491136505000,YQFAlGKNfJZK8ZKDBowTcNYJUdE=,159,22,0
1491184146000,cLFzH5c8v+6nSnoiLp535WVsB6o=,560,26,0
1491133555000,aGIy/VYRH/uMFSWmKYSlJBtuUGs=,322,85,0
1491131208000,xyzGqsMeGYCt43/zfnmUhDM5/yI=,140,335,0
1491090005000,qEoQ6ZYwl16ebL9zCjqQM6pssAs=,569,328,0
1491217653000,2QiFgKlIMhHrDsxZnQAhiQd7xZQ=,207,674,0
1491192501000,w2XdjMawDCdTMq+CQl7RtWp7W6M=,178,683,0
1491230279000,exPQQ29wtfiUHcyeFsv5T7Pxie8=,186,664,0
1491171762000,231ubosVXFnb3o0cJo3rS78fm3k=,591,744,0
1491170136000,mzoHfqUbXzdM/uz6TDjEymdnm48=,382,164,0
1491164140000,rBaRCzWtDNu2MdMAhpz5hA/Mxl0=,441,29,0
1491161082000,C//K5s3y9b3N1K82J4hgOq8V10g=,958,787,0
1491171573000,3W2i7qa8KltgtXIh6/Yj7nY2Vrs=,979,5,0
1491107566000,BfMVqdIkFD6IyoRUtkobd++tkVc=,743,251,0
1491183175000,wtecVpsvYyemod8iK+5Y55yV6as=,504,500,0
1491121053000,ObfaW1NET6beNbeVTDt4xvqdCtM=,802,260,0
1491123695000,C8a+YgF/KA1sZOSr5e5Tlb83TzY=,65,284,0
1491132255000,dnXiYpjABWRcnmkZG5dgjiUMtBE=,671,304,0
1491168044000,yhrvAoXEty80FPloZZ/iU0wpOv8=,608,814,0
1491136913000,Vv7uDVK63ajcCBR3rWEys6M2q3E=,479,673,0
1491160082000,2ZO+0WxGb9+opbZWJVS5Qyhzyvo=,867,915,0
1491161258000,uPMk83wje7mVvXkobvjnSnRqnj8=,541,557,0
1491166065000,aYUtsle3rn0IRe2oDnFS1KuJ0y4=,245,7,0
1491185052000,AWdXMFI9KhmTEOqaDTopvmeQSHo=,527,936,0
1491157523000,Q60nXM0Bg1SFtyMi3g3Aew8pB0g=,622,813,0
1491122214000,sT1+bqodbaCLIBoHBLNlPYlGOII=,559,326,0
1491181117000,HwQMErc0bCQFkQIxeJt+tmcSlRg=,514,892,0
1491082521000,l2ncOkcgS/q8HMYDr5Oy5mumLWs=,558,326,0
1491023245000,NA/RgfHMRmBM5EUaEbOY4MBq2z8=,489,542,0
